{"Timestamp":"2023-09-20T14:25:27.7936362+02:00","Level":"Information","MessageTemplate":"Now listening on: {address}","Properties":{"address":"https://localhost:5001","EventId":{"Id":14,"Name":"ListeningOnAddress"},"SourceContext":"Microsoft.Hosting.Lifetime","ApplicationName":"BirkBestillingsveiviserWeb"}}
{"Timestamp":"2023-09-20T14:25:27.9760532+02:00","Level":"Information","MessageTemplate":"Now listening on: {address}","Properties":{"address":"http://localhost:5000","EventId":{"Id":14,"Name":"ListeningOnAddress"},"SourceContext":"Microsoft.Hosting.Lifetime","ApplicationName":"BirkBestillingsveiviserWeb"}}
{"Timestamp":"2023-09-20T14:25:27.9783184+02:00","Level":"Information","MessageTemplate":"Application started. Press Ctrl+C to shut down.","Properties":{"SourceContext":"Microsoft.Hosting.Lifetime","ApplicationName":"BirkBestillingsveiviserWeb"}}
{"Timestamp":"2023-09-20T14:25:27.9786890+02:00","Level":"Information","MessageTemplate":"Hosting environment: {EnvName}","Properties":{"EnvName":"Development","SourceContext":"Microsoft.Hosting.Lifetime","ApplicationName":"BirkBestillingsveiviserWeb"}}
{"Timestamp":"2023-09-20T14:25:27.9788401+02:00","Level":"Information","MessageTemplate":"Content root path: {ContentRoot}","Properties":{"ContentRoot":"C:\\Repos\\Birk.Bestillingsveiviser.Web\\Birk.Client.Bestilling","SourceContext":"Microsoft.Hosting.Lifetime","ApplicationName":"BirkBestillingsveiviserWeb"}}
{"Timestamp":"2023-09-20T14:25:30.2293029+02:00","Level":"Information","MessageTemplate":"Entering {Method}","Properties":{"Method":"InitializeDropdownsAsync","SourceContext":"Birk.Client.Bestilling.Pages.Bestilling","ActionId":"3fb50b3d-9293-478d-bed2-34fa84a76722","ActionName":"/_Host","RequestId":"0HMTPQIM4USEK:00000001","RequestPath":"/","ConnectionId":"0HMTPQIM4USEK","ApplicationName":"BirkBestillingsveiviserWeb","CorrelationId":"2a17e810-e39a-4a95-8dd4-5c88c0dfe281"}}
{"Timestamp":"2023-09-20T14:25:30.2344229+02:00","Level":"Information","MessageTemplate":"Entering {Method}","Properties":{"Method":"GetTypes","SourceContext":"Birk.Client.Bestilling.Services.Implementation.KodeverkService","ActionId":"3fb50b3d-9293-478d-bed2-34fa84a76722","ActionName":"/_Host","RequestId":"0HMTPQIM4USEK:00000001","RequestPath":"/","ConnectionId":"0HMTPQIM4USEK","ApplicationName":"BirkBestillingsveiviserWeb","CorrelationId":"2a17e810-e39a-4a95-8dd4-5c88c0dfe281"}}
{"Timestamp":"2023-09-20T14:25:32.8316615+02:00","Level":"Information","MessageTemplate":"Exiting {Method}","Properties":{"Method":"InitializeDropdownsAsync","SourceContext":"Birk.Client.Bestilling.Pages.Bestilling","ActionId":"3fb50b3d-9293-478d-bed2-34fa84a76722","ActionName":"/_Host","RequestId":"0HMTPQIM4USEK:00000001","RequestPath":"/","ConnectionId":"0HMTPQIM4USEK","ApplicationName":"BirkBestillingsveiviserWeb","CorrelationId":"2a17e810-e39a-4a95-8dd4-5c88c0dfe281"}}
{"Timestamp":"2023-09-20T14:25:33.9575868+02:00","Level":"Information","MessageTemplate":"Entering {Method}","Properties":{"Method":"InitializeDropdownsAsync","SourceContext":"Birk.Client.Bestilling.Pages.Bestilling","TransportConnectionId":"-cPqTJu9ZygJxiMrVRyazA","RequestId":"0HMTPQIM4USEK:0000003D","RequestPath":"/_blazor","ConnectionId":"0HMTPQIM4USEK","ApplicationName":"BirkBestillingsveiviserWeb"}}
{"Timestamp":"2023-09-20T14:25:34.0988454+02:00","Level":"Information","MessageTemplate":"Entering {Method}","Properties":{"Method":"GetTypes","SourceContext":"Birk.Client.Bestilling.Services.Implementation.KodeverkService","TransportConnectionId":"-cPqTJu9ZygJxiMrVRyazA","RequestId":"0HMTPQIM4USEK:0000003D","RequestPath":"/_blazor","ConnectionId":"0HMTPQIM4USEK","ApplicationName":"BirkBestillingsveiviserWeb"}}
{"Timestamp":"2023-09-20T14:25:34.2115820+02:00","Level":"Information","MessageTemplate":"Exiting {Method}","Properties":{"Method":"InitializeDropdownsAsync","SourceContext":"Birk.Client.Bestilling.Pages.Bestilling","TransportConnectionId":"-cPqTJu9ZygJxiMrVRyazA","RequestId":"0HMTPQIM4USEK:0000003D","RequestPath":"/_blazor","ConnectionId":"0HMTPQIM4USEK","ApplicationName":"BirkBestillingsveiviserWeb"}}
{"Timestamp":"2023-09-20T14:25:42.1780725+02:00","Level":"Information","MessageTemplate":"Entering {Method}","Properties":{"Method":"GetKommunesAndBvtjenestes","SourceContext":"Birk.Client.Bestilling.Services.Implementation.KodeverkService","TransportConnectionId":"-cPqTJu9ZygJxiMrVRyazA","RequestId":"0HMTPQIM4USEK:0000003D","RequestPath":"/_blazor","ConnectionId":"0HMTPQIM4USEK","ApplicationName":"BirkBestillingsveiviserWeb"}}
{"Timestamp":"2023-09-20T14:29:36.1485558+02:00","Level":"Information","MessageTemplate":"Now listening on: {address}","Properties":{"address":"https://localhost:5001","EventId":{"Id":14,"Name":"ListeningOnAddress"},"SourceContext":"Microsoft.Hosting.Lifetime","ApplicationName":"BirkBestillingsveiviserWeb"}}
{"Timestamp":"2023-09-20T14:29:36.1926746+02:00","Level":"Information","MessageTemplate":"Now listening on: {address}","Properties":{"address":"http://localhost:5000","EventId":{"Id":14,"Name":"ListeningOnAddress"},"SourceContext":"Microsoft.Hosting.Lifetime","ApplicationName":"BirkBestillingsveiviserWeb"}}
{"Timestamp":"2023-09-20T14:29:36.1941213+02:00","Level":"Information","MessageTemplate":"Application started. Press Ctrl+C to shut down.","Properties":{"SourceContext":"Microsoft.Hosting.Lifetime","ApplicationName":"BirkBestillingsveiviserWeb"}}
{"Timestamp":"2023-09-20T14:29:36.1943035+02:00","Level":"Information","MessageTemplate":"Hosting environment: {EnvName}","Properties":{"EnvName":"Development","SourceContext":"Microsoft.Hosting.Lifetime","ApplicationName":"BirkBestillingsveiviserWeb"}}
{"Timestamp":"2023-09-20T14:29:36.1943696+02:00","Level":"Information","MessageTemplate":"Content root path: {ContentRoot}","Properties":{"ContentRoot":"C:\\Repos\\Birk.Bestillingsveiviser.Web\\Birk.Client.Bestilling","SourceContext":"Microsoft.Hosting.Lifetime","ApplicationName":"BirkBestillingsveiviserWeb"}}
